"subject_mean","y_mean","subject_sd","y_sd"
16.1492667767311,3.62435660872099,8.67750564458168,1.74375930657947
